{
  "test/integration/pages/RisksList.js.map": 1737386079941,
  "test/integration/FirstJourney.js": 1737382069283,
  "test/integration/pages/RisksList.js": 1737382069275,
  "test/integration/opaTests.qunit.js": 1737382069271,
  "test/integration/pages/RisksObjectPage.js": 1737382069275,
  "test/testsuite.qunit.js": 1737382069271,
  "xs-app.json": 1737386072582,
  "manifest.json": 1737385431779,
  "Component.js": 1737382069251,
  "test/integration/opaTests.qunit-dbg.js": 1737382069271,
  "test/integration/opaTests.qunit.js.map": 1737386079939,
  "test/integration/pages/RisksList-dbg.js": 1737382069275,
  "i18n/i18n.properties": 1737382074211,
  "test/integration/FirstJourney-dbg.js": 1737382069283,
  "test/integration/FirstJourney.js.map": 1737386079928,
  "test/integration/pages/RisksObjectPage-dbg.js": 1737382069275,
  "test/integration/pages/RisksObjectPage.js.map": 1737386079934,
  "test/testsuite.qunit-dbg.js": 1737382069271,
  "test/testsuite.qunit.js.map": 1737386079934,
  "Component-dbg.js": 1737382069251,
  "Component.js.map": 1737386079936,
  "Component-preload.js": 1737386080056,
  "Component-preload.js.map": 1737386080056,
  "test/integration/opaTests.qunit.html": 1737382069271,
  "test/testsuite.qunit.html": 1737382069271,
  "test/flpSandbox.html": 1737382069271,
  "index.html": 1737382069251
}